date,key,new_confirmed,new_deceased,new_recovered,new_tested,total_confirmed,total_deceased,total_recovered,total_tested
2/1/2020,ES,5,0,,,5,0,,
2/1/2020,FR,0,0,,,6,0,,
2/1/2020,GB,0,0,,,2,0,,0
2/1/2020,DE,0,0,,,0,0,,
2/1/2020,IT,0,0,,,2,0,,
2/1/2020,NL,0,0,,,0,0,,
2/1/2020,SE,0,0,,,1,0,,
2/2/2020,ES,0,0,,,5,0,,
2/2/2020,FR,0,0,,,6,0,,
2/2/2020,GB,0,0,,,2,0,,0
2/2/2020,DE,0,0,,,0,0,,
2/2/2020,IT,0,0,,,2,0,,
2/2/2020,NL,0,0,,,0,0,,
2/2/2020,SE,0,0,,,1,0,,
2/3/2020,ES,0,0,,,5,0,,
2/3/2020,FR,0,0,,,6,0,,
2/3/2020,GB,0,0,,,1,0,,0
2/3/2020,DE,0,0,,,0,0,,
2/3/2020,IT,0,0,,,2,0,,
2/3/2020,NL,0,0,,,0,0,,
2/3/2020,SE,0,0,,,1,0,,
2/4/2020,ES,0,0,,,5,0,,
2/4/2020,FR,0,0,,,6,0,,
2/4/2020,GB,0,0,,,1,0,,0
2/4/2020,DE,0,0,,,0,0,,
2/4/2020,IT,0,0,,,2,0,,
2/4/2020,NL,0,0,,,0,0,,
2/4/2020,SE,1,0,,,1,0,,
2/5/2020,ES,0,0,,,5,0,,
2/5/2020,FR,0,0,,,6,0,,
2/5/2020,GB,1,0,,,3,0,,0
2/5/2020,DE,0,0,,,0,0,,
2/5/2020,IT,0,0,,,2,0,,
2/5/2020,NL,0,0,,,0,0,,
2/5/2020,SE,0,0,,,1,0,,
2/6/2020,ES,0,0,,,5,0,,
2/6/2020,FR,0,0,,,6,0,,
2/6/2020,GB,0,0,,,1,0,,0
2/6/2020,DE,0,0,,,0,0,,
2/6/2020,IT,0,0,,,2,0,,
2/6/2020,NL,0,0,,,0,0,,
2/6/2020,SE,0,0,,,1,0,,
2/7/2020,ES,0,0,,,5,0,,
2/7/2020,FR,5,0,,,11,0,,
2/7/2020,GB,0,0,,,1,0,,0
2/7/2020,DE,0,0,,,0,0,,
2/7/2020,IT,1,0,,,3,0,,
2/7/2020,NL,0,0,,,0,0,,
2/7/2020,SE,0,0,,,1,0,,
2/8/2020,ES,0,0,,,5,0,,
2/8/2020,FR,0,0,,,11,0,,
2/8/2020,GB,4,0,,,8,0,,0
2/8/2020,DE,0,0,,,0,0,,
2/8/2020,IT,0,0,,,3,0,,
2/8/2020,NL,0,0,,,0,0,,
2/8/2020,SE,0,0,,,1,0,,
2/9/2020,ES,0,0,,,5,0,,
2/9/2020,FR,0,0,,,11,0,,
2/9/2020,GB,1,0,,,9,0,,0
2/9/2020,DE,0,0,,,0,0,,
2/9/2020,IT,0,0,,,3,0,,
2/9/2020,NL,0,0,,,0,0,,
2/9/2020,SE,0,0,,,1,0,,
2/10/2020,ES,1,0,,,6,0,,
2/10/2020,FR,0,0,,,11,0,,
2/10/2020,GB,0,0,,,1,0,,0
2/10/2020,DE,0,0,,,0,0,,
2/10/2020,IT,0,0,,,3,0,,
2/10/2020,NL,0,0,,,0,0,,
2/10/2020,SE,0,0,,,1,0,,
2/11/2020,ES,0,0,,,6,0,,
2/11/2020,FR,0,0,,,11,0,,
2/11/2020,GB,1,0,,,10,0,,0
2/11/2020,DE,0,0,,,0,0,,
2/11/2020,IT,0,0,,,3,0,,
2/11/2020,NL,0,0,,,0,0,,
2/11/2020,SE,0,0,,,1,0,,
2/12/2020,ES,0,1,,,6,1,,
2/12/2020,FR,0,0,,,11,0,,
2/12/2020,GB,2,0,,,11,0,,0
2/12/2020,DE,0,0,,,0,0,,
2/12/2020,IT,0,0,,,3,0,,
2/12/2020,NL,0,0,,,0,0,,
2/12/2020,SE,0,0,,,1,0,,
2/13/2020,ES,1,1,,,7,1,,
2/13/2020,FR,0,0,,,11,1,,
2/13/2020,GB,0,0,,,1,0,,0
2/13/2020,DE,0,0,,,0,0,,
2/13/2020,IT,0,0,,,3,0,,
2/13/2020,NL,0,0,,,0,0,,
2/13/2020,SE,0,0,,,1,0,,
2/14/2020,ES,0,0,,,7,1,,
2/14/2020,FR,1,1,,,12,1,,
2/14/2020,GB,0,0,,,1,0,,0
2/14/2020,DE,0,0,,,0,0,,
2/14/2020,IT,0,0,,,3,0,,
2/14/2020,NL,0,0,,,0,0,,
2/14/2020,SE,0,0,,,1,0,,
2/15/2020,ES,0,0,,,7,1,,
2/15/2020,FR,0,0,,,12,1,,
2/15/2020,GB,0,0,,,1,0,,0
2/15/2020,DE,0,0,,,0,0,,
2/15/2020,IT,0,0,,,3,0,,
2/15/2020,NL,0,0,,,0,0,,
2/15/2020,SE,0,0,,,1,0,,
2/16/2020,ES,0,0,,,7,1,,
2/16/2020,FR,0,0,,,12,1,,
2/16/2020,GB,0,0,,,1,0,,0
2/16/2020,DE,0,0,,,0,0,,
2/16/2020,IT,0,0,,,3,0,,
2/16/2020,NL,0,0,,,0,0,,
2/16/2020,SE,0,0,,,1,0,,
2/17/2020,ES,0,0,,,7,1,,
2/17/2020,FR,0,0,,,12,1,,
2/17/2020,GB,0,0,,,1,0,,0
2/17/2020,DE,0,0,,,0,0,,
2/17/2020,IT,0,0,,,3,0,,
2/17/2020,NL,0,0,,,0,0,,
2/17/2020,SE,0,0,,,1,0,,
2/18/2020,ES,0,0,,,7,1,,
2/18/2020,FR,0,0,,,12,1,,
2/18/2020,GB,0,0,,,1,0,,0
2/18/2020,DE,0,0,,,0,0,,
2/18/2020,IT,0,0,,,3,0,,
2/18/2020,NL,0,0,,,0,0,,
2/18/2020,SE,0,0,,,1,0,,
2/19/2020,ES,0,0,,,7,1,,
2/19/2020,FR,0,0,,,12,1,,
2/19/2020,GB,0,0,,,1,0,,0
2/19/2020,DE,0,0,,,0,0,,
2/19/2020,IT,0,0,,,3,0,,
2/19/2020,NL,0,0,,,0,0,,
2/19/2020,SE,0,0,,,1,0,,
2/20/2020,ES,0,0,,,7,1,,
2/20/2020,FR,0,0,,,12,1,,
2/20/2020,GB,0,0,,,1,0,,0
2/20/2020,DE,0,0,,,0,0,,
2/20/2020,IT,0,0,,,3,0,,
2/20/2020,NL,0,0,,,0,0,,
2/20/2020,SE,0,0,,,1,0,,
2/21/2020,ES,0,0,,,7,1,,
2/21/2020,FR,0,0,,,12,1,,
2/21/2020,GB,1,0,,,13,0,,0
2/21/2020,DE,0,0,,,0,0,,
2/21/2020,IT,17,1,,,20,1,,
2/21/2020,NL,0,0,,,0,0,,
2/21/2020,SE,0,0,,,1,0,,
2/22/2020,ES,0,0,,,7,1,,
2/22/2020,FR,0,0,,,12,1,,
2/22/2020,GB,1,0,,,13,0,,0
2/22/2020,DE,0,0,,,0,0,,
2/22/2020,IT,42,1,,,62,2,,
2/22/2020,NL,0,0,,,0,0,,
2/22/2020,SE,0,0,,,1,0,,
2/23/2020,ES,1,0,,,8,1,,
2/23/2020,FR,0,0,,,12,1,,
2/23/2020,GB,1,0,,,15,0,,0
2/23/2020,DE,0,0,,,0,0,,
2/23/2020,IT,93,1,,,155,3,,
2/23/2020,NL,0,0,,,0,0,,
2/23/2020,SE,0,0,,,1,0,,
2/24/2020,ES,2,0,,,10,1,,
2/24/2020,FR,2,0,,,14,1,,
2/24/2020,GB,2,0,,,17,0,,0
2/24/2020,DE,0,0,,,1,0,,
2/24/2020,IT,221,4,,,229,7,1,4324
2/24/2020,NL,0,0,,,0,0,,
2/24/2020,SE,0,0,,,1,0,,
2/25/2020,ES,2,0,,,12,1,,
2/25/2020,FR,4,1,,,18,2,,
2/25/2020,GB,5,0,,,22,0,,0
2/25/2020,DE,1,0,,,1,0,,
2/25/2020,IT,93,3,0,4299,322,10,1,8623
2/25/2020,NL,0,0,,,0,0,,
2/25/2020,SE,0,0,,,1,0,,
2/26/2020,ES,1,0,,,13,1,,
2/26/2020,FR,20,0,,,38,2,,
2/26/2020,GB,4,0,,,26,0,,0
2/26/2020,DE,0,0,,,1,0,,
2/26/2020,IT,78,2,2,964,400,12,3,9587
2/26/2020,NL,1,0,,,1,0,,
2/26/2020,SE,1,0,,,2,0,,
2/27/2020,ES,7,0,,,20,1,,
2/27/2020,FR,19,0,,,57,2,,
2/27/2020,GB,8,0,,,34,0,,0
2/27/2020,DE,0,0,,,1,0,,
2/27/2020,IT,250,5,42,2427,650,17,45,12014
2/27/2020,NL,0,0,,,1,0,,
2/27/2020,SE,1,0,,,3,0,,
2/28/2020,ES,19,0,,,39,1,,
2/28/2020,FR,43,0,,,100,2,,
2/28/2020,GB,12,0,,,46,0,,0
2/28/2020,DE,0,0,,,1,0,,
2/28/2020,IT,238,4,1,3681,888,21,46,15695
2/28/2020,NL,5,0,,,6,0,,
2/28/2020,SE,8,0,,,11,0,,
2/29/2020,ES,23,0,,,62,1,,
2/29/2020,FR,30,0,,,130,2,,
2/29/2020,GB,5,0,,,51,0,,0
2/29/2020,DE,2,0,,,3,0,,
2/29/2020,IT,240,8,4,2966,1128,29,50,18661
2/29/2020,NL,4,0,,,10,0,,
2/29/2020,SE,3,0,,,14,0,,
3/1/2020,ES,19,0,,,81,1,,
3/1/2020,FR,61,1,,,191,3,,
3/1/2020,GB,22,0,,,73,0,,0
3/1/2020,DE,0,0,,,3,0,,
3/1/2020,IT,566,5,33,2466,1694,34,83,21127
3/1/2020,NL,8,0,,,18,0,,
3/1/2020,SE,0,0,,,14,0,,
3/2/2020,ES,36,0,,,117,1,,
3/2/2020,FR,13,1,,,191,3,,
3/2/2020,GB,40,1,,,113,1,,0
3/2/2020,DE,0,0,,,3,0,,
3/2/2020,IT,342,18,66,2218,2036,52,149,23345
3/2/2020,NL,6,0,,,24,0,,
3/2/2020,SE,5,0,,,19,0,,
3/3/2020,ES,69,1,,,186,2,,
3/3/2020,FR,21,1,12,,212,4,12,0
3/3/2020,GB,56,2,,,169,3,,0
3/3/2020,DE,0,0,,,3,0,,
3/3/2020,IT,466,27,11,2511,2502,79,160,25856
3/3/2020,NL,14,0,,,38,0,,
3/3/2020,SE,13,0,,,32,0,,
3/4/2020,ES,78,2,,,264,4,,
3/4/2020,FR,73,0,,,285,4,,
3/4/2020,GB,56,0,,,225,3,,0
3/4/2020,DE,1,0,,,4,0,,
3/4/2020,IT,587,28,116,3981,3089,107,276,29837
3/4/2020,NL,44,0,,,82,0,,
3/4/2020,SE,30,0,,,62,0,,
3/5/2020,ES,86,1,,,350,5,,
3/5/2020,FR,138,3,,,423,7,,
3/5/2020,GB,51,3,,,276,6,,0
3/5/2020,DE,0,0,,,4,0,,
3/5/2020,IT,769,41,138,2525,3858,148,414,32362
3/5/2020,NL,46,1,,,128,1,,
3/5/2020,SE,25,0,,,87,0,,
3/6/2020,ES,186,3,,,536,8,,
3/6/2020,FR,190,2,,,613,9,,
3/6/2020,GB,81,0,,,357,6,,0
3/6/2020,DE,0,0,,,4,0,,
3/6/2020,IT,778,49,109,3997,4636,197,523,36359
3/6/2020,NL,60,0,,,188,1,,
3/6/2020,SE,59,0,,,146,0,,
3/7/2020,ES,271,3,,,807,11,,
3/7/2020,FR,336,7,,,949,16,,
3/7/2020,GB,67,0,,,424,6,,0
3/7/2020,DE,9,0,,,13,0,,
3/7/2020,IT,1247,36,66,5703,5883,233,589,42062
3/7/2020,NL,77,2,,,265,3,,
3/7/2020,SE,33,0,,,179,0,,
3/8/2020,ES,288,14,,,1095,25,,
3/8/2020,FR,177,3,,,1126,19,,
3/8/2020,GB,57,3,,,481,9,,0
3/8/2020,DE,2,0,,,15,0,,
3/8/2020,IT,1492,133,33,7875,7375,366,622,49937
3/8/2020,NL,56,0,,,321,3,,
3/8/2020,SE,46,0,,,225,0,,
3/9/2020,ES,361,16,,,1456,41,,
3/9/2020,FR,286,6,,,1412,25,,
3/9/2020,GB,146,5,,,627,14,,0
3/9/2020,DE,0,0,,,15,0,,
3/9/2020,IT,1797,97,102,3889,9172,463,724,53826
3/9/2020,NL,61,1,,,382,4,,
3/9/2020,SE,101,1,,,326,1,,
3/10/2020,ES,635,26,,,2091,67,,
3/10/2020,FR,372,8,,79,1784,33,12,79
3/10/2020,GB,264,3,,,891,17,,0
3/10/2020,DE,9,0,,,24,0,,
3/10/2020,IT,977,168,280,6935,10149,631,1004,60761
3/10/2020,NL,121,1,,,503,5,,
3/10/2020,SE,98,0,,,424,1,,
3/11/2020,ES,1023,35,,,3114,102,,
3/11/2020,FR,497,15,,108,2281,48,12,187
3/11/2020,GB,405,8,,,1296,25,,0
3/11/2020,DE,0,0,,,24,0,,
3/11/2020,IT,2313,196,41,12393,12462,827,1045,73154
3/11/2020,NL,0,0,,,503,5,,
3/11/2020,SE,196,1,,,620,2,,
3/12/2020,ES,1329,56,,,4443,158,,
3/12/2020,FR,595,13,,157,2876,61,12,344
3/12/2020,GB,482,13,,,1778,38,,0
3/12/2020,DE,1,0,,,25,0,,
3/12/2020,IT,2651,189,213,12857,15113,1016,1258,86011
3/12/2020,NL,303,5,,,806,10,,
3/12/2020,SE,151,1,,,771,3,,
3/13/2020,ES,1802,79,,,6245,237,,
3/13/2020,FR,785,18,,350,3661,79,12,694
3/13/2020,GB,481,16,,,2259,54,,0
3/13/2020,DE,5,0,,,30,0,,
3/13/2020,IT,2547,250,181,11477,17660,1266,1439,97488
3/13/2020,NL,156,2,,,804,9,,
3/13/2020,SE,152,2,,,923,5,,
3/14/2020,ES,2160,104,,,8405,341,,
3/14/2020,FR,839,12,,167,4500,91,12,861
3/14/2020,GB,363,22,,,2622,76,,0
3/14/2020,DE,3,0,,,33,0,,
3/14/2020,IT,3497,175,527,11682,21157,1441,1966,109170
3/14/2020,NL,155,3,,,959,12,,17080
3/14/2020,SE,71,2,,,994,7,,
3/15/2020,ES,2021,129,,,10426,470,,
3/15/2020,FR,923,36,,174,5423,127,12,1035
3/15/2020,GB,444,32,,,3066,108,,0
3/15/2020,DE,0,0,,,33,0,,
3/15/2020,IT,3590,368,369,15729,24747,1809,2335,124899
3/15/2020,NL,176,7,,,1135,19,,
3/15/2020,SE,69,1,,,1063,8,,
3/16/2020,ES,2300,178,,,12726,648,,
3/16/2020,FR,1210,21,,819,6633,148,12,1854
3/16/2020,GB,614,46,,,3680,154,,0
3/16/2020,DE,1,0,,,34,0,,
3/16/2020,IT,3233,349,414,13063,27980,2158,2749,137962
3/16/2020,NL,278,4,,,1413,23,,
3/16/2020,SE,83,6,,,1146,14,,
3/17/2020,ES,3240,186,,,15966,834,,
3/17/2020,FR,1097,27,602,1011,7730,175,614,2865
3/17/2020,GB,769,52,,,4449,206,,0
3/17/2020,DE,4,0,,,38,0,,
3/17/2020,IT,3526,345,192,10695,31506,2503,2941,148657
3/17/2020,NL,292,17,,,1705,40,,
3/17/2020,SE,119,7,,,1265,21,,
3/18/2020,ES,4457,238,,,20423,1072,,
3/18/2020,FR,1404,89,1000,1571,9134,264,1614,4436
3/18/2020,GB,999,68,,,5448,274,,0
3/18/2020,DE,2,0,,,40,0,,
3/18/2020,IT,4207,475,1084,16884,35713,2978,4025,165541
3/18/2020,NL,346,16,,,2051,56,,
3/18/2020,SE,145,9,,,1410,30,,
3/19/2020,ES,4755,314,,,25178,1386,,
3/19/2020,FR,1861,108,1300,2098,10995,372,2914,6534
3/19/2020,GB,1052,74,,,6500,348,,0
3/19/2020,DE,3,0,,,43,0,,
3/19/2020,IT,5322,427,415,17236,41035,3405,4440,182777
3/19/2020,NL,409,21,,,2460,77,,
3/19/2020,SE,143,8,,,1553,38,,
3/20/2020,ES,5857,428,,,31035,1814,,
3/20/2020,FR,1617,78,1587,2454,12612,450,4501,8988
3/20/2020,GB,1256,109,,,7756,457,,0
3/20/2020,DE,6,0,,,49,0,,
3/20/2020,IT,5986,627,689,24109,47021,4032,5129,206886
3/20/2020,NL,1191,28,,,3651,105,,
3/20/2020,SE,180,11,,,1733,49,,
3/21/2020,ES,6506,501,,,37541,2315,,
3/21/2020,FR,1847,112,1811,783,14459,562,6312,9771
3/21/2020,GB,1198,131,,,8954,588,,0
3/21/2020,DE,5,0,,,54,0,,
3/21/2020,IT,6557,793,943,26336,53578,4825,6072,233222
3/21/2020,NL,-20,31,,,3631,136,,38418
3/21/2020,SE,136,11,,,1869,60,,
3/22/2020,ES,5774,541,,,43315,2856,,
3/22/2020,FR,2230,112,2200,555,16689,674,8512,10326
3/22/2020,GB,1378,165,,,10332,753,,0
3/22/2020,DE,7,0,,,61,0,,
3/22/2020,IT,5560,651,952,25180,59138,5476,7024,258402
3/22/2020,NL,573,44,,,4204,180,,
3/22/2020,SE,118,21,,,1987,81,,
3/23/2020,ES,5297,679,,,48612,3535,,
3/23/2020,FR,3167,186,2567,4369,19856,860,11079,14695
3/23/2020,GB,2326,186,,,12658,939,,0
3/23/2020,DE,9,0,,,70,0,,
3/23/2020,IT,4789,601,408,17066,63927,6077,7432,275468
3/23/2020,NL,545,33,,,4749,213,,
3/23/2020,SE,182,22,,,2169,103,,
3/24/2020,ES,8070,713,,,56682,4248,,
3/24/2020,FR,2446,240,3281,4960,22302,1100,14360,19655
3/24/2020,GB,2372,237,,,15030,1176,,0
3/24/2020,DE,5,0,,,75,0,,
3/24/2020,IT,5249,743,894,21496,69176,6820,8326,296964
3/24/2020,NL,811,63,,,5560,276,,
3/24/2020,SE,230,31,,,2399,134,,
3/25/2020,ES,9647,809,,,66329,5057,,
3/25/2020,FR,2931,231,3900,5161,25233,1331,18260,24816
3/25/2020,GB,2700,302,,,17730,1478,,0
3/25/2020,DE,4,0,,,79,0,,
3/25/2020,IT,5210,683,1036,27481,74386,7503,9362,324445
3/25/2020,NL,852,80,,,6412,356,,
3/25/2020,SE,314,32,,,2713,166,,
3/26/2020,ES,10071,853,,,76400,5910,,
3/26/2020,FR,3922,365,4948,5716,29155,1696,23208,30532
3/26/2020,GB,3094,360,,,20824,1838,,0
3/26/2020,DE,4,0,,,83,0,,
3/26/2020,IT,6153,662,999,36615,80539,8165,10361,361060
3/26/2020,NL,1019,78,,,7431,434,,
3/26/2020,SE,286,35,,,2999,201,,
3/27/2020,ES,10046,900,,,86446,6810,,
3/27/2020,FR,3809,299,5698,6533,32964,1995,28906,37065
3/27/2020,GB,3190,399,,,24014,2237,,0
3/27/2020,DE,7,0,,,90,0,,
3/27/2020,IT,5959,969,589,33019,86498,9134,10950,394079
3/27/2020,NL,1172,112,,,8603,546,,
3/27/2020,SE,365,38,,,3364,239,,
3/28/2020,ES,18552,832,,,104998,7642,,
3/28/2020,FR,4611,319,6624,1894,37575,2314,35530,38959
3/28/2020,GB,2824,436,,,26838,2673,,0
3/28/2020,DE,1,0,,,91,0,,
3/28/2020,IT,5974,889,1434,35447,92472,10023,12384,429526
3/28/2020,NL,1159,93,,,9762,639,,63163
3/28/2020,SE,300,45,,,3664,284,,
3/29/2020,ES,7055,800,,,112053,8442,,
3/29/2020,FR,2599,292,7131,604,40174,2606,42661,39563
3/29/2020,GB,2859,507,,,29697,3180,,0
3/29/2020,DE,12,0,,,103,0,,
3/29/2020,IT,5217,756,646,24504,97689,10779,13030,454030
3/29/2020,NL,1104,132,,,10866,771,,
3/29/2020,SE,280,48,,,3944,332,,
3/30/2020,ES,5042,906,,,117095,9348,,
3/30/2020,FR,4376,418,7924,8169,44550,3024,50585,47732
3/30/2020,GB,4272,585,,11896,33969,3765,,0
3/30/2020,DE,7,0,,,110,0,,
3/30/2020,IT,4050,812,1590,23329,101739,11591,14620,477359
3/30/2020,NL,884,93,,,11750,864,,
3/30/2020,SE,416,53,,,4360,385,,
3/31/2020,ES,7940,889,,,125035,10237,,
3/31/2020,FR,7578,499,9444,8051,52128,3523,60029,55783
3/31/2020,GB,4519,661,,11896,38488,4426,,155174
3/31/2020,DE,7,0,,,117,0,,
3/31/2020,IT,4053,837,1109,29609,105792,12428,15729,506968
3/31/2020,NL,845,175,,,12595,1039,,
3/31/2020,SE,475,70,,,4835,455,,
4/1/2020,ES,7877,887,,,132912,11124,,
4/1/2020,FR,4861,509,10935,7319,56989,4032,70964,63102
4/1/2020,GB,4914,767,,11947,43402,5193,,167237
4/1/2020,DE,17,0,,,134,0,,
4/1/2020,IT,4782,727,1118,34455,110574,13155,16847,541423
4/1/2020,NL,1019,134,,,13614,1173,,
4/1/2020,SE,486,80,,,5321,535,,
4/2/2020,ES,6945,840,,,139857,11964,,
4/2/2020,FR,2116,471,12428,7375,59105,4503,83392,70477
4/2/2020,GB,4866,805,,13623,48268,5998,,182352
4/2/2020,DE,21,0,,,155,0,,
4/2/2020,IT,4668,760,1431,39809,115242,13915,18278,581232
4/2/2020,NL,1083,166,,,14697,1339,,
4/2/2020,SE,554,70,,,5875,605,,
4/3/2020,ES,6844,774,,,146701,12738,,
4/3/2020,FR,5233,588,14008,8237,64338,5091,97400,78714
4/3/2020,GB,4914,839,,14629,53182,6837,,223578
4/3/2020,DE,7,1,,,162,1,,
4/3/2020,IT,4585,766,1480,38617,119827,14681,19758,619849
4/3/2020,NL,1026,148,,,15723,1487,,
4/3/2020,SE,601,85,,,6476,690,,
4/4/2020,ES,6766,732,,,153467,13470,,
4/4/2020,FR,4267,441,15438,1675,68605,5532,112838,80389
4/4/2020,GB,4006,904,,16080,57188,7741,,239658
4/4/2020,DE,12,1,,,174,2,,
4/4/2020,IT,4805,681,1238,37375,124632,15362,20996,657224
4/4/2020,NL,904,164,,,16627,1651,,92261
4/4/2020,SE,357,90,,,6833,780,,
4/5/2020,ES,4649,734,,,158116,14204,,
4/5/2020,FR,1873,357,16183,377,70478,5889,129021,80766
4/5/2020,GB,3588,914,,13238,60776,8655,,252896
4/5/2020,DE,14,0,,,188,2,,
4/5/2020,IT,4316,525,819,34237,128948,15887,21815,691461
4/5/2020,NL,1224,117,,,17851,1768,,
4/5/2020,SE,340,84,,,7173,864,,
4/6/2020,ES,3127,752,,,161243,14956,,
4/6/2020,FR,3912,605,17250,7611,74390,6494,146271,88377
4/6/2020,GB,5284,892,,13775,66060,9547,,267303
4/6/2020,DE,8,1,,,196,3,,
4/6/2020,IT,3599,636,1022,30271,132547,16523,22837,721732
4/6/2020,NL,952,99,,,18803,1867,,
4/6/2020,SE,389,115,,,7562,979,,
4/7/2020,ES,5350,730,,,166593,15686,,
4/7/2020,FR,3777,597,19337,7790,78167,7091,165608,96167
4/7/2020,GB,5450,999,,14423,71510,10546,,281726
4/7/2020,DE,15,0,,,211,3,,
4/7/2020,IT,3039,604,1555,33713,135586,17127,24392,755445
4/7/2020,NL,777,234,,,19580,2101,,
4/7/2020,SE,738,86,,,8300,1065,,
4/8/2020,ES,5272,736,,,171865,16422,,
4/8/2020,FR,3881,541,21254,10059,82048,7632,186862,106226
4/8/2020,GB,5116,1073,,16443,76626,11619,,298169
4/8/2020,DE,7,0,,,218,3,,
4/8/2020,IT,3836,542,2099,51680,139422,17669,26491,807125
4/8/2020,NL,969,147,,,20549,2248,,
4/8/2020,SE,654,90,,,8954,1155,,
4/9/2020,ES,5382,664,,,177247,17086,,
4/9/2020,FR,4286,412,23206,10603,86334,8044,210068,116829
4/9/2020,GB,4857,998,,19116,81483,12617,,316836
4/9/2020,DE,16,0,,,234,3,,
4/9/2020,IT,4204,610,1979,46244,143626,18279,28470,853369
4/9/2020,NL,1213,148,,,21762,2396,,
4/9/2020,SE,645,103,,,9599,1258,,
4/10/2020,ES,4564,669,,,181811,17755,,
4/10/2020,FR,4342,554,24932,11527,90676,8598,235000,128356
4/10/2020,GB,4313,942,,18091,85796,13559,,334974
4/10/2020,DE,8,0,,,242,3,,
4/10/2020,IT,3951,570,1985,53495,147577,18849,30455,906864
4/10/2020,NL,1335,115,,,23097,2511,,
4/10/2020,SE,454,97,,,10053,1355,,
4/11/2020,ES,4363,623,,,186174,18378,,
4/11/2020,FR,3114,345,26391,1636,93790,8943,261391,129992
4/11/2020,GB,3574,955,,18000,89370,14514,,352974
4/11/2020,DE,15,0,,,257,3,,
4/11/2020,IT,4694,619,2079,56609,152271,19468,32534,963473
4/11/2020,NL,1316,132,,,24413,2643,,131221
4/11/2020,SE,395,85,,,10448,1440,,
4/12/2020,ES,3049,541,,,189223,18919,,
4/12/2020,FR,1613,310,27186,389,95403,9253,288577,130381
4/12/2020,GB,3483,972,,14506,92853,15486,,367667
4/12/2020,DE,15,0,,,272,3,,
4/12/2020,IT,4092,431,1677,46720,156363,19899,34211,1010193
4/12/2020,NL,1174,94,,,25587,2737,,
4/12/2020,SE,464,91,,,10912,1531,,
4/13/2020,ES,2344,585,,,191567,19504,,
4/13/2020,FR,2673,335,27718,1156,98076,9588,316295,131537
4/13/2020,GB,4179,893,,14982,97032,16379,,382650
4/13/2020,DE,28,0,,,300,3,,
4/13/2020,IT,3153,566,1224,36717,159516,20465,35435,1046910
4/13/2020,NL,964,86,,,26551,2823,,
4/13/2020,SE,437,115,,,11349,1646,,
4/14/2020,ES,3064,602,,,194631,20106,,
4/14/2020,FR,5497,541,28805,11890,103573,10129,345100,143427
4/14/2020,GB,4309,859,,15994,101341,17238,,398916
4/14/2020,DE,6,0,,,306,3,,
4/14/2020,IT,2972,602,1695,26779,162488,21067,37130,1073689
4/14/2020,NL,868,122,,,27419,2945,,
4/14/2020,SE,479,111,,,11828,1757,,
4/15/2020,ES,3950,551,,,198581,20657,,
4/15/2020,FR,2633,514,30995,12608,106206,10643,376095,156035
4/15/2020,GB,5042,879,,18665,106383,18117,,417649
4/15/2020,DE,42,0,,,348,3,,
4/15/2020,IT,2667,578,962,43715,165155,21645,38092,1117404
4/15/2020,NL,734,189,,,28153,3134,,
4/15/2020,SE,604,82,,,12432,1839,,
4/16/2020,ES,3645,482,,,202226,21139,,
4/16/2020,FR,2641,417,32812,11959,108847,11060,408907,167994
4/16/2020,GB,5295,838,,21328,111678,18955,,438991
4/16/2020,DE,22,0,,,370,3,,
4/16/2020,IT,3786,525,2072,60999,168941,22170,40164,1178403
4/16/2020,NL,1061,181,,,29214,3315,,
4/16/2020,SE,623,86,,,13055,1925,,
4/17/2020,ES,3368,499,,,205594,21638,,
4/17/2020,FR,405,418,34420,11470,109252,11478,443327,179464
4/17/2020,GB,4941,819,,21389,116619,19774,,460437
4/17/2020,DE,18,1,,,388,4,,
4/17/2020,IT,3493,575,2563,65705,172434,22745,42727,1244108
4/17/2020,NL,1235,144,,,30449,3459,,
4/17/2020,SE,688,88,,,13743,2013,,
4/18/2020,ES,3434,434,,,209028,22072,,
4/18/2020,FR,2569,364,35983,2361,111821,11842,479310,181825
4/18/2020,GB,4710,799,,21626,121329,20573,,482063
4/18/2020,DE,6,0,,,394,4,,
4/18/2020,IT,3491,482,2200,61725,175925,23227,44927,1305833
4/18/2020,NL,1140,142,,,31589,3601,,171323
4/18/2020,SE,532,84,,,14275,2097,,
4/19/2020,ES,2160,398,,,211188,22470,,
4/19/2020,FR,785,227,36578,502,112606,12069,515888,182327
4/19/2020,GB,3854,762,,19316,125183,21335,,501379
4/19/2020,DE,8,0,,,402,4,,
4/19/2020,IT,3047,433,2128,50708,178972,23660,47055,1356541
4/19/2020,NL,1066,83,,,32655,3684,,
4/19/2020,SE,388,62,,,14663,2159,,
4/20/2020,ES,1420,385,,,212608,22855,,
4/20/2020,FR,2051,444,37409,9224,114657,12513,553297,191551
4/20/2020,GB,4854,782,,17970,130037,22117,,537121
4/20/2020,DE,6,0,,,408,4,,
4/20/2020,IT,2256,454,1822,41483,181228,24114,48877,1398024
4/20/2020,NL,750,67,,,33405,3751,,
4/20/2020,SE,461,77,,,15124,2236,,
4/21/2020,ES,2476,424,,,215084,23279,,
4/21/2020,FR,2667,387,39181,11557,117324,12900,592478,203108
4/21/2020,GB,4758,742,,22814,134795,22859,,559935
4/21/2020,DE,8,1,,,416,5,,
4/21/2020,IT,2729,534,2723,52126,183957,24648,51600,1450150
4/21/2020,NL,729,165,,,34134,3916,,
4/21/2020,SE,707,86,,,15831,2322,,
4/22/2020,ES,2684,339,,,217768,23618,,
4/22/2020,FR,1827,336,40657,11047,119151,13236,633135,214155
4/22/2020,GB,5489,728,,23560,140284,23587,,583496
4/22/2020,DE,9,0,,,425,5,,
4/22/2020,IT,3370,437,2943,63101,187327,25085,54543,1513251
4/22/2020,NL,708,138,,,34842,4054,,
4/22/2020,SE,722,89,,,16553,2411,,
4/23/2020,ES,2726,330,,,220494,23948,,
4/23/2020,FR,1653,311,42088,9872,120804,13547,675223,224027
4/23/2020,GB,5143,674,,28532,145427,24261,,612031
4/23/2020,DE,19,0,,,444,5,,
4/23/2020,IT,2646,464,3033,66658,189973,25549,57576,1579909
4/23/2020,NL,887,123,,,35729,4177,,
4/23/2020,SE,758,73,,,17311,2484,,
4/24/2020,ES,2204,329,,,222698,24277,,
4/24/2020,FR,1773,305,43493,9077,122577,13852,718716,233104
4/24/2020,GB,4962,682,,28760,150389,24943,,640792
4/24/2020,DE,12,0,,,456,5,,
4/24/2020,IT,3021,420,2922,62447,192994,25969,60498,1642356
4/24/2020,NL,806,112,,,36535,4289,,
4/24/2020,SE,780,75,,,18091,2559,,
4/25/2020,ES,2251,294,,,224949,24571,,
4/25/2020,FR,1537,198,44594,1397,124114,14050,763310,234501
4/25/2020,GB,3749,645,,29058,154138,25588,,669850
4/25/2020,DE,30,1,,,486,6,,
4/25/2020,IT,2357,415,2622,65387,195351,26384,63120,1707743
4/25/2020,NL,655,120,,,37190,4409,,209718
4/25/2020,SE,473,73,,,18564,2632,,
4/26/2020,ES,1285,269,,,226234,24840,,
4/26/2020,FR,461,152,44903,306,124575,14202,808213,234807
4/26/2020,GB,3473,632,,31610,157611,26220,,701460
4/26/2020,DE,11,0,,,497,6,,
4/26/2020,IT,2324,260,1808,49916,197675,26644,64928,1757659
4/26/2020,NL,655,66,,,37845,4475,,
4/26/2020,SE,300,82,,,18864,2714,,
4/27/2020,ES,810,257,,,227044,25097,,
4/27/2020,FR,3764,295,45513,7431,128339,14497,853726,242238
4/27/2020,GB,4704,595,,33287,162315,26815,,734860
4/27/2020,DE,14,0,,,511,6,,
4/27/2020,IT,1739,333,1696,32003,199414,26977,66624,1789662
4/27/2020,NL,400,43,,,38245,4518,,
4/27/2020,SE,563,84,,,19427,2798,,
4/28/2020,ES,1631,259,,,228675,25356,,
4/28/2020,FR,1520,313,46886,8104,129859,14810,900612,250342
4/28/2020,GB,4723,560,,45505,167038,27375,,780366
4/28/2020,DE,6,0,,,517,6,,
4/28/2020,IT,2091,382,2317,57272,201505,27359,68941,1846934
4/28/2020,NL,171,48,,,38416,4566,,
4/28/2020,SE,742,78,,,20169,2876,,
4/29/2020,ES,1725,235,,,230400,25591,,
4/29/2020,FR,-1417,243,48228,9850,128442,15053,948840,260192
4/29/2020,GB,5436,570,,66793,172474,27945,,849296
4/29/2020,DE,22,0,,,539,6,,
4/29/2020,IT,2086,323,2311,63827,203591,27682,71252,1910761
4/29/2020,NL,386,145,,,38802,4711,,
4/29/2020,SE,798,78,,,20967,2954,,
4/30/2020,ES,1465,221,,,231865,25812,,
4/30/2020,FR,1139,191,49476,8793,129581,15244,998316,268985
4/30/2020,GB,4962,548,,84215,177436,28493,,933455
4/30/2020,DE,27,1,,,566,7,,
4/30/2020,IT,1872,285,4693,68456,205463,27967,75945,1979217
4/30/2020,NL,514,84,,,39316,4795,,
4/30/2020,SE,636,73,,,21603,3027,,
5/1/2020,ES,1424,175,,,233289,25987,,
5/1/2020,FR,604,125,50212,232,130185,15369,1048528,269217
5/1/2020,GB,4731,567,,74893,182167,29060,,1008348
5/1/2020,DE,16,1,,,582,8,,
5/1/2020,IT,1965,269,2304,74208,207428,28236,78249,2053425
5/1/2020,NL,475,98,,,39791,4893,,
5/1/2020,SE,532,75,,,22135,3102,,
5/2/2020,ES,785,198,,,234074,26185,,
5/2/2020,FR,794,118,50562,1369,130979,15487,1099090,270586
5/2/2020,GB,3232,493,,63559,185399,29553,,1071909
5/2/2020,DE,7,1,,,589,9,,
5/2/2020,IT,1900,474,1665,55412,209328,28710,79914,2108837
5/2/2020,NL,445,94,,,40236,4987,,238672
5/2/2020,SE,299,84,,,22434,3186,,
5/3/2020,ES,554,196,,,234628,26381,,
5/3/2020,FR,308,96,50784,197,131287,15583,1149874,270783
5/3/2020,GB,2976,449,,68817,188375,30002,,1140726
5/3/2020,DE,4,0,,,593,9,,
5/3/2020,IT,1389,174,1740,44935,210717,28884,81654,2153772
5/3/2020,NL,335,69,,,40571,5056,,
5/3/2020,SE,261,72,,,22695,3258,,
5/4/2020,ES,447,185,,,235075,26566,,
5/4/2020,FR,576,243,51371,10093,131863,15826,1201245,280876
5/4/2020,GB,3385,483,,73068,191760,30485,,1220764
5/4/2020,DE,11,0,,,604,9,,
5/4/2020,IT,1221,195,1225,37631,211938,29079,82879,2191403
5/4/2020,NL,199,26,,,40770,5082,,
5/4/2020,SE,477,73,,,23172,3331,,
5/5/2020,ES,986,181,,,236061,26747,,
5/5/2020,FR,1104,234,52736,10772,132967,16060,1253981,291648
5/5/2020,GB,3672,463,,67444,195432,30948,,1283443
5/5/2020,DE,6,0,,,610,9,,
5/5/2020,IT,1075,236,2352,55263,213013,29315,85231,2246666
5/5/2020,NL,317,86,,,41087,5168,,
5/5/2020,SE,657,80,,,23829,3411,,
5/6/2020,ES,963,151,,,237024,26898,,
5/6/2020,FR,4183,177,53972,9391,137150,16237,1307953,301039
5/6/2020,GB,3826,460,,74761,199258,31408,,1360595
5/6/2020,DE,5,0,,,615,9,,
5/6/2020,IT,1444,369,8014,64263,214457,29684,93245,2310929
5/6/2020,NL,232,36,,,41319,5204,,
5/6/2020,SE,745,60,,,24574,3471,,
5/7/2020,ES,963,164,,,237987,27062,,
5/7/2020,FR,629,149,55027,8596,137779,16386,1362980,309635
5/7/2020,GB,3766,460,,78912,203024,31868,,1439506
5/7/2020,DE,8,1,,,623,10,,
5/7/2020,IT,1401,274,3031,70359,215858,29958,96276,2381288
5/7/2020,NL,455,84,,,41774,5288,,
5/7/2020,SE,784,69,,,25358,3540,,
5/8/2020,ES,926,145,,,238913,27207,,
5/8/2020,FR,642,111,55782,448,138421,16497,1418762,310083
5/8/2020,GB,3059,380,,77892,206083,32248,,1517402
5/8/2020,DE,3,0,,,626,10,,
5/8/2020,IT,1327,243,2747,63775,217185,30201,99023,2445063
5/8/2020,NL,319,71,,,42093,5359,,
5/8/2020,SE,700,74,,,26058,3614,,
5/9/2020,ES,906,125,,,239819,27332,,
5/9/2020,FR,433,76,56038,1529,138854,16573,1474800,311612
5/9/2020,GB,2160,378,,77202,208243,32626,,1594604
5/9/2020,DE,9,0,,,635,10,,
5/9/2020,IT,1083,194,4008,69171,218268,30395,103031,2514234
5/9/2020,NL,289,63,,,42382,5422,,267678
5/9/2020,SE,509,64,,,26567,3678,,
5/10/2020,ES,484,110,,,240303,27442,,
5/10/2020,FR,209,69,56217,293,139063,16642,1531017,311905
5/10/2020,GB,2325,346,,76942,210568,32972,,1671546
5/10/2020,DE,3,1,,,638,11,,
5/10/2020,IT,802,165,2155,51678,219070,30560,105186,2565912
5/10/2020,NL,245,18,,,42627,5440,,
5/10/2020,SE,279,61,,,26846,3739,,
5/11/2020,ES,312,122,,,240615,27564,,
5/11/2020,FR,456,178,56724,10365,139519,16820,1587741,322270
5/11/2020,GB,3577,308,,70360,214145,33280,,1741989
5/11/2020,DE,4,0,,,642,11,,
5/11/2020,IT,744,179,1401,40740,219814,30739,106587,2606652
5/11/2020,NL,161,16,,,42788,5456,,
5/11/2020,SE,455,50,,,27301,3789,,
5/12/2020,ES,550,112,,,241165,27676,,
5/12/2020,FR,708,183,57785,10608,140227,17003,1645526,332878
5/12/2020,GB,3401,320,,74859,217546,33600,,1816848
5/12/2020,DE,5,0,,,647,11,,
5/12/2020,IT,1402,172,2452,67003,221216,30911,109039,2673655
5/12/2020,NL,196,54,,,42984,5510,,
5/12/2020,SE,754,46,,,28055,3835,,
5/13/2020,ES,659,87,,,241824,27763,,
5/13/2020,FR,507,98,58673,39857,140734,17101,1704199,372735
5/13/2020,GB,3309,316,,83472,220855,33916,,1901014
5/13/2020,DE,20,1,,,667,12,,
5/13/2020,IT,888,195,3502,61973,222104,31106,112541,2735628
5/13/2020,NL,227,52,,,43211,5562,,
5/13/2020,SE,698,58,,,28753,3893,,
5/14/2020,ES,735,85,,,242559,27848,,
5/14/2020,FR,622,123,59605,43171,141356,17224,1763804,415906
5/14/2020,GB,2631,333,,85166,223486,34249,,1986193
5/14/2020,DE,4,0,,,671,12,,
5/14/2020,IT,992,262,2747,71876,223096,31368,115288,2807504
5/14/2020,NL,270,28,,,43481,5590,,
5/14/2020,SE,657,49,,,29410,3942,,
5/15/2020,ES,767,77,,,243326,27925,,
5/15/2020,FR,563,118,60448,48446,141919,17342,1824252,464352
5/15/2020,GB,2534,312,,93934,226020,34561,,2082174
5/15/2020,DE,12,0,,,683,12,,
5/15/2020,IT,789,242,4917,68176,223885,31610,120205,2875680
5/15/2020,NL,200,53,,,43681,5643,,
5/15/2020,SE,688,53,,,30098,3995,,
5/16/2020,ES,760,63,,,244086,27988,,
5/16/2020,FR,372,70,61066,16649,142291,17412,1885318,481001
5/16/2020,GB,2080,313,,93353,228100,34874,,2175527
5/16/2020,DE,12,0,,,695,12,,
5/16/2020,IT,875,153,2605,69179,224760,31763,122810,2944859
5/16/2020,NL,189,27,,,43870,5670,,300365
5/16/2020,SE,358,61,,,30456,4056,,
5/17/2020,ES,333,60,,,244419,28048,,
5/17/2020,FR,120,54,61213,6635,142411,17466,1946531,487636
5/17/2020,GB,1836,266,,82141,229936,35140,,2257668
5/17/2020,DE,6,0,,,701,12,,
5/17/2020,IT,675,145,2366,60101,225435,31908,125176,3004960
5/17/2020,NL,125,10,,,43995,5680,,
5/17/2020,SE,259,40,,,30715,4096,,
5/18/2020,ES,233,71,,,244652,28119,,
5/18/2020,FR,492,123,61728,51902,142903,17589,2008259,539538
5/18/2020,GB,2584,293,,72532,232520,35433,,2330252
5/18/2020,DE,6,0,,,707,12,,
5/18/2020,IT,451,99,2150,36406,225886,32007,127326,3041366
5/18/2020,NL,146,14,,,44141,5694,,
5/18/2020,SE,430,54,,,31145,4150,,
5/19/2020,ES,597,67,,,245249,28186,,
5/19/2020,FR,524,125,62563,53453,143427,17714,2070822,592991
5/19/2020,GB,3057,273,,88126,235577,35706,,2410097
5/19/2020,DE,6,0,,,713,12,,
5/19/2020,IT,813,162,2075,63158,226699,32169,129401,3104524
5/19/2020,NL,108,21,,,44249,5715,,
5/19/2020,SE,666,54,,,31811,4204,,
5/20/2020,ES,803,56,,,246052,28242,,
5/20/2020,FR,418,98,63354,53746,143845,17812,2134176,646737
5/20/2020,GB,2706,268,,87819,238283,35974,,2497915
5/20/2020,DE,8,0,,,721,12,,
5/20/2020,IT,665,161,2881,67195,227364,32330,132282,3171719
5/20/2020,NL,198,33,,,44447,5748,,
5/20/2020,SE,808,56,,,32619,4260,,
5/21/2020,ES,685,68,,,246737,28310,,
5/21/2020,FR,318,58,63858,9610,144163,17870,2198034,656347
5/21/2020,GB,2573,237,,107919,240856,36211,,2605843
5/21/2020,DE,2,0,,,723,12,,
5/21/2020,IT,642,156,2278,71679,228006,32486,134560,3243398
5/21/2020,NL,253,27,,,44700,5775,,
5/21/2020,SE,610,56,,,33229,4316,,
5/22/2020,ES,751,71,,,247488,28381,,
5/22/2020,FR,393,74,64209,50867,144556,17944,2262243,707214
5/22/2020,GB,2060,222,,92143,242916,36433,,2697987
5/22/2020,DE,5,0,,,728,12,,
5/22/2020,IT,652,130,2160,75380,228658,32616,136720,3318778
5/22/2020,NL,188,13,,,44888,5788,,
5/22/2020,SE,532,44,,,33761,4360,,
5/23/2020,ES,767,58,,,248255,28439,,
5/23/2020,FR,250,43,64547,19083,144806,17987,2326790,726297
5/23/2020,GB,1527,215,,92312,244443,36648,,2790296
5/23/2020,DE,2,0,,,730,12,,
5/23/2020,IT,669,119,2120,72410,229327,32735,138840,3391188
5/23/2020,NL,176,23,,,45064,5811,,329201
5/23/2020,SE,403,42,,,34164,4402,,
5/24/2020,ES,293,55,,,248548,28494,,
5/24/2020,FR,115,35,64617,7106,144921,18022,2391407,733403
5/24/2020,GB,1367,195,,59633,245810,36843,,2849932
5/24/2020,DE,1,0,,,731,12,,
5/24/2020,IT,531,50,1639,55824,229858,32785,140479,3447012
5/24/2020,NL,172,11,,,45236,5822,,
5/24/2020,SE,210,28,,,34374,4430,,
5/25/2020,ES,257,66,,,248805,28560,,
5/25/2020,FR,358,90,65199,51971,145279,18112,2456606,785374
5/25/2020,GB,1621,201,,78478,247431,37044,,2998370
5/25/2020,DE,1,0,,,732,12,,
5/25/2020,IT,300,92,1502,35241,230158,32877,141981,3482253
5/25/2020,NL,209,8,,,45445,5830,,
5/25/2020,SE,491,39,,,34865,4469,,
